Dif,Ratio
-171,2.0
-171,6.0
-315,1.0
-315,5.0
-315,2.0
862,2.5
862,1.0
-383,3.0
-180,1.0
-180,1.5
342,2.0
-315,5.0
862,2.0
-767,1.6666666666666667
342,2.5
-767,6.0
-867,1.0
-383,0.5
-383,5.0
-767,1.0
-867,2.0
-867,0.2
-171,2.0
-383,3.0
342,3.0
862,3.0
-767,2.0
-171,3.0
-180,3.0
-180,0.5
-867,1.0
-968,1.6666666666666667
-968,2.0
-872,2.0
-872,2.0
-969,1.0
789,1.3333333333333333
789,1.5
-190,1.5
-190,2.0
-764,0.5
894,0.5
894,1.0
894,3.0
-969,4.0
-968,4.5
-193,2.0
-969,2.0
789,3.0
-872,1.5
-872,1.75
789,1.3333333333333333
-968,5.0
894,1.0
-193,2.0
-764,1.0
-764,1.0
-969,0.6666666666666666
-764,1.0
-193,0.5
-138,0.5
-138,1.0
-138,1.5
162,1.5
-162,2.0
130,2.0
162,3.0
130,0.5
130,2.0
-138,0.5
162,2.0
-149,2.0
-149,0.5
-85,2.0
46,2.0
46,2.0
-57,2.0
416,0.5
416,3.0
-406,2.0
-380,3.0
-406,0.5
-380,4.0
-380,2.0
-380,1.0
-406,1.5
-57,0.2
416,2.0
-406,2.0
46,0.5
416,2.0
239,2.0
239,2.0
-120,2.0
-120,2.0
-120,2.0
-155,3.0
239,4.0
-155,3.0
-155,2.0
239,2.0
-120,3.0
670,0.75
534,1.0
-908,1.5
-641,1.5
-161,0.3333333333333333
-161,2.0
-161,1.5
-161,1.0
670,1.0
670,4.0
670,3.0
-641,2.0
-908,2.0
-908,3.0
-547,3.0
-547,1.5
-547,2.0
-345,1.0
-641,3.0
-908,1.0
-345,1.0
534,2.5
534,1.5
-345,2.0
-641,2.0
-101,3.0
-101,4.0
-101,2.0
-345,6.0
-547,4.0
-101,2.0
534,1.0
-206,1.0
-922,7.0
636,5.0
-770,5.0
-922,0.5
-206,1.5
-770,2.3333333333333335
-206,1.0
-206,6.0
636,3.0
1108,4.5
-216,2.0
1108,2.0
636,1.0
636,7.0
-216,0.3333333333333333
-216,3.0
-922,2.0
1108,4.0
102,2.0
-363,2.0
-363,5.0
102,0.5
-216,3.0
102,3.0
102,1.0
-770,2.0
-363,2.0
-363,3.0
-346,0.6666666666666666
-249,2.0
227,2.0
-329,1.5
376,1.5
227,0.5
-346,2.0
-111,0.25
376,1.0
-111,0.5
-346,4.0
-249,2.0
-329,2.0
-329,2.0
-346,0.5
-329,0.5
-193,3.0
376,3.0
227,0.6666666666666666
-193,0.6666666666666666
-88,0.5
-111,2.0
376,3.0
-249,1.3333333333333333
-193,3.0
-193,0.5
-111,5.0
-111,1.3333333333333333
-88,2.5
-672,0.6666666666666666
-672,3.5
167,3.5
167,4.0
282,5.0
146,1.6666666666666667
146,3.0
-672,2.5
-364,1.75
-364,2.6666666666666665
-118,1.5
-364,1.0
-118,0.3333333333333333
-118,5.0
-88,1.6666666666666667
-88,2.0
146,1.75
146,2.5
-118,3.5
167,2.5
-672,1.5
-111,2.0
282,2.6666666666666665
282,2.0
-88,4.0
167,0.75
282,0.6
-364,1.5
-111,2.0
430,0.3333333333333333
-237,0.5
430,0.5
430,3.0
-326,0.5
-326,5.0
-382,2.0
-237,1.5
-148,1.0
291,2.0
291,3.0
291,3.0
430,3.0
-382,2.0
-148,2.0
-148,2.0
-237,2.0
-382,3.0
-326,0.5
-326,2.0
-83,5.0
-83,2.0
-166,4.0
-301,3.0
-301,1.0
215,2.0
-338,2.0
-338,4.0
-974,2.0
-338,1.0
-749,1.5
672,0.3333333333333333
672,2.0
672,1.5
672,0.6666666666666666
-974,1.0
-974,3.0
-749,3.0
-749,1.5
215,0.5
-166,0.5
-166,4.0
-301,2.0
-301,3.0
215,1.0
-974,3.0
-749,2.0
215,1.5
-3375,2.6666666666666665
-3375,2.5
-3375,2.5
3807,0.5
-4129,2.3333333333333335
3807,2.3333333333333335
3807,4.666666666666667
-3698,4.666666666666667
-284,0.4
-284,2.6666666666666665
-1918,2.0
-1918,2.0
-2738,2.5
4006,3.0
-4129,4.666666666666667
3807,3.0
-3698,5.0
-3698,11.0
-3375,2.0
-3698,9.0
4006,0.25
-284,10.0
-1918,2.5
4006,2.6666666666666665
-4129,1.75
-4129,4.5
-2738,0.8333333333333334
-2738,4.5
-2738,1.1428571428571428
-1918,1.0
4006,4.0
-284,5.0
-875,2.5
-194,0.3333333333333333
-1532,2.5
3643,1.0
-194,0.25
-194,4.0
1330,0.4
-1532,1.5
1330,1.25
1330,1.5
-1526,1.25
-1102,0.16666666666666666
-1526,2.0
-519,1.0
-1102,1.2
-1532,0.6666666666666666
3643,2.0
3643,7.0
1330,0.6
-1526,2.0
-194,1.0
-519,1.0
-1102,2.5
3643,1.6666666666666667
-875,3.5
-875,2.0
-1526,1.0
-519,3.0
-519,0.2
-875,1.0
-1532,1.0
-1102,2.0
-124,3.0
-201,5.0
-457,2.0
479,2.5
-171,5.0
-139,2.0
-68,1.5
-457,1.5
-124,2.5
-139,4.0
388,0.5
-201,1.5
-68,4.0
-457,2.0
-171,0.3333333333333333
479,0.5
-171,0.5
388,0.5
-201,0.6666666666666666
-201,2.0
-171,2.0
-124,0.6666666666666666
-124,2.0
-68,2.0
388,2.0
62,3.0
-100,1.0
-100,2.0
62,2.0
-100,2.0
62,0.5
-73,2.0
-406,2.5
-685,1.6666666666666667
-685,4.0
-685,6.0
-1413,4.0
1657,5.0
-685,0.42857142857142855
1657,2.0
-1669,2.0
-1669,2.0
1498,1.5
1498,4.0
-406,4.0
1657,3.0
-864,8.0
-1413,4.0
-1669,4.0
-864,3.0
-1044,1.0
-1044,1.0
1657,1.6666666666666667
-1669,5.0
1498,1.5
-864,6.0
-1044,5.0
-406,2.0
-1413,0.5
-406,4.0
-1044,6.0
1498,2.0
-1413,1.5
-187,3.0
-187,1.6666666666666667
-187,2.6666666666666665
-187,4.0
-324,0.75
-324,2.0
810,1.5
-43,2.5
-412,1.5
-412,1.25
-412,1.0
386,1.6666666666666667
-813,3.0
810,1.6
386,0.6666666666666666
-813,1.3333333333333333
386,4.0
810,2.5
386,2.0
-324,1.0
-324,1.5
-43,1.5
-43,1.6666666666666667
-412,2.0
810,1.5
-813,0.5
820,2.0
303,2.0
-295,8.0
303,0.8
-295,4.0
-295,4.0
-650,1.3333333333333333
606,0.25
820,4.0
-698,1.6666666666666667
-650,1.5
820,0.3333333333333333
-698,5.0
303,3.0
820,2.0
-698,5.0
-650,0.5
-650,0.6666666666666666
-295,6.0
606,3.0
606,1.5
606,1.5
-698,2.0
775,2.0
775,2.0
303,0.5
124,1.0
124,1.5
13,0.5
13,4.0
194,2.0
-169,1.3333333333333333
-169,3.0
-143,1.0
-168,1.0
-711,3.0
13,1.3333333333333333
194,1.6666666666666667
360,2.0
-168,0.6666666666666666
-711,5.0
124,2.0
-168,0.5
194,3.0
360,3.0
194,2.0
13,2.0
-143,3.0
-711,3.0
124,2.0
-169,3.0
-143,2.0
-143,2.0
-711,2.0
360,1.0
360,2.0
-140,3.0
-140,2.0
-58,2.0
-140,1.0
-58,2.0
-58,2.0
-58,2.0
98,0.6666666666666666
98,2.0
-91,2.0
-91,0.6666666666666666
-186,0.5
-186,3.0
98,2.0
-91,2.0
1575,2.4
-1160,1.0
-1426,3.0
-1426,1.6666666666666667
-1053,2.0
-1053,2.0
-1053,7.0
-1053,0.5
-8,0.3333333333333333
-823,4.0
1575,10.0
-1160,4.0
-1160,5.0
-1160,6.0
1376,2.0
-1426,3.0
-8,2.0
-8,2.0
-524,1.0
-823,2.0
1575,2.0
1376,1.5
-1426,0.75
-524,0.25
-823,5.0
-823,2.5
1376,5.0
1376,3.0
-524,0.5
-524,3.0
1575,1.5
124,0.8
-175,1.0
397,1.0
-414,1.0
397,1.0
-251,1.0
-251,5.0
-414,1.5
-296,4.0
-175,4.0
-24,2.5
-175,4.0
124,1.0
124,2.0
397,2.0
-414,1.5
-214,4.0
-214,2.0
-296,3.0
-24,2.0
-251,3.0
-414,2.5
-24,1.5
-214,0.5
-251,1.0
397,1.0
-175,4.0
-24,3.0
-214,1.5
-296,1.0
-296,1.0
-596,2.0
-1081,2.0
-941,5.0
-941,2.0
-941,3.5
-1081,1.6666666666666667
1086,4.0
1086,4.0
-483,1.3333333333333333
-596,3.0
1009,3.0
1009,1.3333333333333333
-483,0.75
-131,1.25
-131,2.5
-483,1.4
-596,2.3333333333333335
1009,6.0
-596,1.5
-1081,1.0
-1081,1.5
1086,2.0
-761,3.5
-483,2.5
-761,4.0
-761,0.6666666666666666
-131,5.0
1086,3.0
1009,2.0
-761,2.0
-941,3.0
-131,1.0
-1258,2.0
-110,0.5
-234,4.0
671,2.0
-1150,0.6
-234,1.0
-1258,0.8
-706,0.75
-706,4.0
-746,4.0
1274,1.3333333333333333
-110,1.0
-706,4.0
671,2.0
671,3.0
1274,1.3333333333333333
-1150,2.0
-1258,3.0
-110,1.0
-234,3.0
-234,0.6666666666666666
-706,2.0
-746,6.0
1274,2.0
1274,3.0
671,1.0
-1258,6.0
-746,0.3333333333333333
-746,0.4
-110,2.0
-1150,3.0
-1150,2.0
64,0.6666666666666666
-183,0.5
-183,3.0
64,2.0
64,2.0
64,0.6666666666666666
-72,2.0
-72,2.0
114,1.0
114,3.0
114,4.0
-186,3.0
11,2.0
11,2.0
11,2.0
-72,0.5
-186,2.0
-777,2.0
-777,6.0
-777,3.0
-397,1.0
-397,1.0
-561,5.0
650,3.0
816,2.0
816,2.5
-561,1.0
-561,4.0
-532,1.5
-532,2.5
-397,1.3333333333333333
-397,0.5
650,3.0
650,0.6666666666666666
650,4.0
-561,3.0
-777,1.5
-532,5.0
-532,7.0
816,0.5
620,0.5
-770,2.0
620,3.0
-1009,2.0
1068,4.0
-360,3.0
-360,2.0
-1687,0.5
1068,2.0
0,3.0
0,4.0
0,0.3333333333333333
-93,1.0
-770,0.5
-1687,2.0
620,2.0
1068,2.0
-360,2.0
1068,0.5
118,1.0
-39,1.0
118,1.3333333333333333
-133,2.0
62,2.0
-39,1.0
-133,0.5
-133,3.0
-153,1.0
290,3.0
-153,0.3333333333333333
290,3.0
118,0.3333333333333333
-153,0.5
-153,2.0
290,2.0
62,2.0
290,0.5
118,0.5
-81,2.5
-81,0.6666666666666666
-42,1.0
-90,3.0
-42,0.5
-42,2.0
123,2.0
-90,2.0
-90,2.0
-81,2.0
1029,0.42857142857142855
-971,8.0
1031,8.0
83,2.5
83,2.0
1029,1.0
83,1.6666666666666667
339,2.25
339,1.6666666666666667
339,3.0
-971,1.0
-971,2.5
1031,10.0
-1008,1.8571428571428572
1029,10.0
83,9.0
-971,5.0
1031,3.0
1031,1.3333333333333333
-1008,1.0
-1008,1.0
339,1.5
-1008,1.0
1029,2.0
-92,0.5
-92,1.5
79,1.0
-72,2.0
-72,3.0
-92,0.5
-65,3.0
-139,2.0
-131,2.0
209,4.0
-124,4.0
-111,1.0
-111,2.0
-139,0.3333333333333333
-124,0.3333333333333333
209,1.5
-124,6.0
-111,6.0
-131,1.0
-111,2.0
-131,0.6666666666666666
-124,3.0
-206,0.5
-139,0.5
-65,2.0
-65,2.0
-206,2.0
182,2.0
182,2.0
209,2.0
182,0.5
182,2.0
-594,2.0
-646,1.5
-646,1.0
-646,2.0
-956,2.0
-956,2.0
-1317,1.6666666666666667
-383,3.25
-400,2.0
-400,4.0
-1317,1.5
1211,4.0
1211,6.0
-594,1.0
-400,1.3333333333333333
-383,3.5
-1317,1.0
1211,3.5
-400,2.0
1252,2.0
-646,0.25
1252,1.0
1252,1.6666666666666667
-956,3.0
-1317,3.0
-594,1.0
1211,0.3333333333333333
-383,3.0
-956,0.5
-383,2.0
1252,0.5
-594,3.0
-80,0.5
-80,4.0
-273,6.0
-324,3.0
-80,0.5
-273,1.0
-324,4.0
358,0.75
358,3.0
358,2.0
-273,4.0
-80,0.5
358,2.0
-273,1.0
-147,0.14285714285714285
-702,3.5
623,1.0
-702,1.75
623,2.5
-604,1.5
881,1.3333333333333333
881,2.0
-912,5.0
623,2.0
-927,3.0
-147,2.0
-702,2.5
-604,1.5
881,1.3333333333333333
-912,3.0
-147,1.0
-147,5.0
623,1.5
-604,0.75
-604,4.0
-927,1.5
-912,7.0
-927,2.5
881,1.0
-912,2.0
-702,1.3333333333333333
-927,3.0
197,1.3333333333333333
197,2.5
197,1.5
-259,2.0
-259,0.6666666666666666
197,0.5
-259,2.0
-259,2.0
-411,1.5
-411,2.0
705,1.5
705,1.0
852,1.5
-846,2.0
-123,0.6666666666666666
-123,1.2
-411,2.3333333333333335
-1193,3.0
-860,0.25
852,2.0
-846,2.5
-19,0.5
-19,2.0
-123,0.5
-123,2.0
-860,2.5
852,3.5
-846,2.0
-860,0.6666666666666666
-411,2.0
-1193,1.3333333333333333
852,0.3333333333333333
-1193,0.6666666666666666
705,4.0
705,0.3333333333333333
-860,3.0
4008,1.5
-4220,5.0
-4220,0.875
-3344,4.5
-1912,0.8333333333333334
-3098,4.0
4201,3.0
-5090,2.3333333333333335
-5090,4.0
-5090,3.3333333333333335
4008,2.0
-4220,7.0
-4220,8.0
-3344,3.5
-3098,4.0
-3344,3.6666666666666665
-1912,1.5
-3098,3.0
4008,2.25
4008,2.0
-3098,3.5
-1912,1.3333333333333333
-5090,1.25
4201,1.3333333333333333
4201,2.0
-491,5.0
4201,1.6666666666666667
-3344,7.0
-491,2.3333333333333335
-491,2.5
-1912,2.0
-491,0.5
133,3.0
-188,0.6666666666666666
133,2.0
-140,1.5
-188,3.0
133,0.3333333333333333
-188,0.3333333333333333
-140,2.0
-188,2.0
23,1.5
296,5.0
-225,2.0
201,2.0
447,1.3333333333333333
-225,3.0
447,2.0
-638,2.0
-225,0.6
-225,2.5
23,1.5
-343,2.0
201,1.3333333333333333
-638,4.0
201,0.25
447,2.0
-638,4.0
639,4.0
-343,2.0
296,1.0
447,0.6666666666666666
23,2.0
23,1.0
296,1.0
639,4.0
-638,3.0
201,0.5
639,1.0
-343,2.0
90,0.5
77,2.0
-257,3.0
381,0.6666666666666666
829,2.0
-183,3.0
77,0.3333333333333333
-63,3.0
-63,2.0
829,1.5
-194,0.5
-194,1.0
90,0.5
-257,0.5
-257,2.0
-257,3.0
829,4.0
-63,3.0
381,2.0
77,1.0
381,0.5
-1626,3.3333333333333335
-1626,2.0
-236,0.2
-1181,1.0
1736,0.5
1736,3.0
1736,1.0
-1280,2.5
1432,3.6666666666666665
-1203,4.0
-1626,2.75
-263,2.0
-263,2.0
-1280,3.0
-1280,2.75
1432,5.0
-1181,2.6666666666666665
-1203,4.0
1432,2.5
-1203,7.0
-1280,3.5
-1181,0.5
1736,2.0
-1626,1.0
-236,1.0
-236,2.0
1432,1.0
-236,0.5
-263,0.5
-132,1.0
204,3.0
204,3.0
123,2.0
-23,3.0
-23,2.0
-131,1.0
-131,1.0
-131,0.5
-147,2.0
-147,2.0
123,2.0
204,0.5
3138,4.0
3138,3.5
3138,1.8
-2758,1.0
2416,4.0
2416,4.0
-2677,4.5
-2677,9.0
-2688,10.0
-2758,3.5
2416,2.0
-2677,2.0
-2688,13.0
-2688,7.0
-1432,0.5
-1432,1.5
3138,3.0
-2758,7.0
-2922,1.5
-2758,1.2
2416,2.5
-2688,3.0
-2922,2.3333333333333335
-1432,1.0
-355,0.3333333333333333
-355,3.0
-355,2.0
-355,0.6666666666666666
-2677,4.0
-2922,1.0
-2922,3.0
1722,5.0
-1742,2.0
-1657,3.5
1722,2.0
-1657,1.3333333333333333
-1742,1.6
2337,2.4
1722,5.0
-1742,9.0
-1657,1.6
-538,1.0
-1053,3.0
-1664,4.0
-1664,4.0
2337,0.75
2337,2.6666666666666665
-1699,7.0
1722,2.5
-1657,4.0
-1742,10.0
-538,0.75
-1053,2.5
-538,0.5
-1053,1.3333333333333333
-1664,5.0
-1664,1.0
-538,3.0
-1053,1.5
-1699,7.0
-1699,2.3333333333333335
2337,0.25
-1699,2.0
69,1.0
-99,3.0
-128,1.0
69,1.3333333333333333
69,3.0
69,3.0
-99,0.5
-128,0.5
55,1.5
55,1.5
3,2.0
3,4.0
3,2.0
55,2.0
55,3.0
-95,3.0
-223,0.6666666666666666
136,3.0
-95,2.0
-223,2.0
136,2.0
136,0.5
-24,0.3333333333333333
-24,3.0
-24,3.0
10,3.0
10,2.0
-29,3.0
5972,4.5
5972,7.0
3842,1.5
-4850,7.0
-4850,4.0
-693,5.0
5972,2.3333333333333335
-4023,3.0
-2222,0.6666666666666666
-693,1.0
-693,3.0
-2222,2.5
-2594,1.1666666666666667
3842,3.5
-4023,2.5
-4023,2.5
-3558,3.5
-3558,2.0
5972,2.0
-4850,7.0
-2222,1.5
-2594,1.5
-2594,2.5
-3558,9.0
-693,1.0
-2222,0.3333333333333333
3842,0.6
-3558,2.0
3842,1.8333333333333333
-4023,2.3333333333333335
-4850,1.5
-2594,2.0
101,1.5
101,4.0
101,0.6666666666666666
-97,2.0
-97,1.0
-143,2.0
101,1.0
-97,2.0
628,4.0
-655,5.0
-655,10.0
-807,6.0
-1314,4.0
-1314,5.0
866,1.0
628,5.0
-655,4.0
-807,3.0
-641,5.0
628,1.5
-655,1.0
-1314,1.0
-807,2.0
-807,1.5
866,0.5
866,3.0
628,1.0
-641,4.0
-1314,3.0
-641,0.3333333333333333
866,0.5
-1424,0.25
-1424,1.0
-1424,1.6666666666666667
-2347,2.0
2544,1.3333333333333333
2544,2.3333333333333335
2544,1.0
-2200,2.6666666666666665
2457,2.6666666666666665
-2990,2.5
2544,1.6666666666666667
-2200,3.0
2457,6.0
2457,5.0
-2347,9.0
-2200,2.5
-2990,2.0
-2347,1.5
2457,3.5
-447,2.5
-447,1.5
-2990,5.0
-1424,0.5
-2990,3.5
-2347,7.0
-447,2.5
-2200,2.0
-447,0.5
-182,0.6666666666666666
-182,2.0
88,0.3333333333333333
88,0.5
-71,2.0
-71,2.0
88,2.0
-71,2.0
-182,2.0
-182,2.0
174,2.0
-14,2.0
0,2.0
-97,0.5
174,0.5
-221,1.0
-203,0.3333333333333333
113,3.0
-221,2.0
177,4.0
-130,3.0
-221,0.5
-130,2.0
-130,2.0
-130,2.0
177,1.0
177,2.0
-203,0.5
177,0.5
-453,1.0
-453,1.0
-3,2.0
369,4.0
235,2.0
235,3.0
143,2.0
491,1.0
235,2.0
235,5.0
-3,2.0
-3,2.0
491,1.0
369,2.0
369,3.0
143,2.0
369,1.0
491,2.0
-175,0.5
-175,1.5
-175,2.6666666666666665
-175,6.0
-361,3.5
-361,1.5
1130,6.0
-1118,1.5
1130,7.0
-1118,3.0
1219,8.0
-1354,2.0
-1354,1.25
1130,1.0
1130,0.6666666666666666
1219,4.0
-1354,3.0
-361,3.0
-1118,2.3333333333333335
-1118,1.0
1219,5.0
-1354,2.5
-361,0.6666666666666666
1219,1.5
36,2.0
-210,1.5
63,0.6666666666666666
63,3.0
-143,1.5
217,6.0
217,1.3333333333333333
-210,5.0
-11,2.0
-11,2.0
-11,0.3333333333333333
63,3.0
-143,2.0
217,4.0
217,3.0
63,0.3333333333333333
-143,0.3333333333333333
-210,1.0
-2715,1.25
-2715,1.6666666666666667
-2715,5.0
3678,6.0
-4034,1.5
-4736,5.666666666666667
-4736,4.666666666666667
-4572,5.0
-4572,5.0
-4572,9.0
4015,1.5
-4572,4.5
-1779,3.5
-4736,7.5
-1779,0.8333333333333334
3678,5.0
3678,2.0
-4034,1.6666666666666667
-4034,3.6666666666666665
-4736,1.8
3678,5.5
-4034,1.75
4015,3.0
4015,0.5
-1779,1.25
-2715,1.5
4015,2.5
-543,0.75
-543,6.0
-543,1.5
-1779,0.5
-543,2.0
-391,2.5
-391,1.0
-391,3.0
-1486,7.0
-391,1.3333333333333333
-1061,3.0
-1486,0.6666666666666666
16,1.0
-65,2.0
-65,3.0
16,5.0
-1061,6.0
-1486,1.3333333333333333
-1061,2.0
-353,3.0
-353,1.0
-65,6.0
16,1.5
-1486,5.0
-1061,2.0
-353,0.5
-65,3.0
16,2.0
-1770,1.5
-1770,3.0
1909,3.5
-1873,3.0
-1770,2.0
-1700,2.5
-1700,3.0
1909,4.0
-1540,2.0
-1700,1.2857142857142858
-888,0.25
-888,3.0
2009,2.0
2009,2.0
-1770,0.6666666666666666
-1700,5.0
2009,1.0
-888,1.0
-1540,2.0
-1540,3.5
1909,2.3333333333333335
1909,1.8
-230,0.5
-1873,3.0
-1540,2.0
2009,1.0
-1873,3.0
-230,0.5
-888,0.5
-230,3.0
-230,3.0
-595,2.0
-1037,2.3333333333333335
750,2.0
-595,8.0
-595,0.6
-450,2.0
-450,9.0
-427,3.5
-427,10.0
-595,3.5
750,3.5
-450,6.0
-450,1.6666666666666667
-1037,0.6666666666666666
-1037,0.75
24,0.5
1004,1.0
-1037,0.3333333333333333
750,2.0
-427,1.75
-427,3.0
1004,1.0
750,1.25
24,1.6666666666666667
24,1.0
-959,0.5
-959,0.6
1004,1.6666666666666667
-959,3.0
24,2.0
-2512,1.2
3478,1.5
-3376,3.5
-3376,4.333333333333333
-3376,2.0
-3691,3.5
-2512,2.6666666666666665
2881,1.6
-3691,1.4285714285714286
3478,2.3333333333333335
-1224,1.0
3478,1.0
-3376,3.25
-3691,1.0
-3691,2.3333333333333335
2881,2.2
-3938,2.3333333333333335
-268,3.5
-268,3.0
-2512,1.3333333333333333
2881,3.25
-3938,6.0
-3938,4.5
-1224,1.0
-2512,1.6
-3938,5.5
3478,7.0
-1224,1.5
2881,1.6666666666666667
-1224,1.0
-268,3.0
-105,1.6666666666666667
398,1.0
398,1.6666666666666667
661,3.5
-1586,13.0
661,2.0
-52,1.0
-1586,6.0
1718,10.0
746,5.5
661,1.0
1718,1.3333333333333333
398,2.0
1718,1.0
746,6.0
-52,4.0
-105,1.6666666666666667
-1219,5.0
-1586,2.3333333333333335
1718,5.0
661,1.0
746,8.0
-1586,1.0
-1219,6.0
-52,2.0
398,9.0
-105,3.0
746,7.0
-1219,1.3333333333333333
-52,1.5
-1219,1.5
-105,0.5
312,0.3333333333333333
-212,0.5
312,3.0
-259,4.0
-259,5.0
-318,1.0
-318,0.6666666666666666
-259,2.0
-318,1.0
-212,0.6666666666666666
-212,5.0
-212,1.0
312,3.0
312,2.0
-318,3.0
215,0.2857142857142857
215,3.0
-180,4.0
-180,1.5
-180,3.0
215,2.0
-214,0.6666666666666666
215,2.0
-214,4.0
-180,3.0
-214,3.0
-163,3.0
-163,1.5
-163,2.0
-163,0.5
760,0.75
-638,3.0
-921,4.0
901,2.0
-921,3.0
760,4.0
-638,2.0
760,4.0
760,3.0
-897,2.5
-897,3.0
-897,1.5
-897,4.0
568,5.0
-847,1.5
-163,0.6
-288,0.8
-288,2.3333333333333335
-163,1.0
-163,3.0
-288,3.5
-288,1.1666666666666667
-847,0.6
-847,2.5
-163,1.0
531,3.0
-220,1.6666666666666667
-220,2.0
-964,3.0
531,2.0
-964,2.0
-681,2.0
531,1.0
568,0.5
568,3.0
-681,2.0
-220,3.0
-964,2.0
-964,1.0
-681,5.0
-220,0.5
-681,3.0
531,0.5
-423,1.5
-164,2.5
-272,4.0
-265,1.5
219,1.0
219,3.0
-265,7.0
254,1.6666666666666667
254,5.0
219,1.0
219,0.6666666666666666
-265,2.0
-265,1.5
-45,2.0
-35,2.0
-35,0.6666666666666666
-164,1.0
-164,0.3333333333333333
-164,0.3333333333333333
254,2.0
-423,0.5
-272,0.5
254,2.0
-423,2.0
208,0.6
208,1.6666666666666667
-1220,1.3333333333333333
2650,1.5
-1220,9.0
-1220,5.0
-1660,2.5
2650,0.4
2650,0.75
-1159,1.5
-1159,0.3333333333333333
2178,2.0
2178,1.3333333333333333
-1837,1.0
-1660,2.0
2650,2.0
208,1.3333333333333333
-1220,6.0
-1837,0.6666666666666666
-1837,2.0
2178,1.6666666666666667
2178,1.5
-1159,2.0
-1660,2.0
-1159,2.0
208,1.0
-1660,2.0
-1837,0.5
267,0.3333333333333333
267,1.0
715,7.0
716,1.0
106,1.5
267,1.25
-10,0.3333333333333333
-340,3.0
715,3.0
715,1.0
715,1.5
-1,1.5
-340,5.0
-10,0.5
267,3.0
716,3.0
-10,0.3333333333333333
-1,0.3333333333333333
106,2.0
-10,2.0
-340,3.0
-31,0.5
-1,0.5
-31,1.0
716,0.5
106,1.0
10,2.0
-11,2.0
-43,1.0
-37,0.5
167,2.0
71,3.0
-43,3.0
-192,1.0
-482,2.0
195,3.0
195,3.0
195,2.0
71,1.3333333333333333
-43,3.0
-72,2.0
-482,1.5
-37,0.25
167,4.0
71,2.0
-72,3.0
-72,1.0
-482,2.0
167,2.0
-482,1.0
-37,2.0
-1650,1.3333333333333333
-1207,1.25
-1207,1.6666666666666667
-1207,2.5
-401,1.5
-401,6.0
-739,3.0
1012,1.0
-1341,8.0
1375,0.8
-1650,4.0
-1207,3.0
-401,1.3333333333333333
-401,1.3333333333333333
-1341,2.0
1375,3.0
1012,1.3333333333333333
-1650,1.5
1012,0.25
-1063,1.0
-1650,4.0
-739,0.6666666666666666
-1341,2.0
1375,0.5
-739,1.5
1012,1.5
-1341,3.0
-1063,3.0
-739,2.0
-3971,2.25
-3971,4.0
-2317,0.42857142857142855
-391,1.3333333333333333
-391,3.5
-2317,3.3333333333333335
-3510,2.6666666666666665
-3510,6.0
3511,1.4
-3971,4.0
-2317,2.3333333333333335
3511,5.5
-3530,3.6666666666666665
4463,2.1666666666666665
4463,3.3333333333333335
-4385,2.6
-3510,2.5
-3510,7.0
-3530,1.6666666666666667
-3530,4.666666666666667
4463,1.75
-3971,4.0
-391,0.2857142857142857
-4385,5.333333333333333
-391,1.3333333333333333
3511,2.2
-3530,1.1666666666666667
-4385,3.0
3511,3.3333333333333335
4463,11.0
-4385,4.0
-2317,1.25
223,1.0
234,4.0
151,2.0
223,1.0
234,1.0
-112,1.0
-161,1.0
51,3.0
51,2.0
51,1.0
-112,4.0
-161,3.0
-161,1.0
51,1.0
151,2.0
151,2.0
151,1.0
479,2.0
-173,2.0
263,2.5
-1512,6.0
478,4.0
478,2.0
263,2.0
465,5.0
465,4.0
479,2.0
393,1.5
263,1.0
-1512,5.0
478,1.0
-1512,4.0
263,1.0
465,2.5
-173,3.0
-1512,2.5
-173,1.6666666666666667
479,0.75
479,3.0
393,3.0
393,1.0
478,2.0
465,2.0
-173,0.5
1275,1.3333333333333333
271,6.0
271,1.3333333333333333
-131,0.5
271,2.5
271,2.3333333333333335
1275,0.5
-285,1.5
-152,1.25
-152,1.0
-131,0.6666666666666666
-152,1.5
237,0.6
-355,0.6666666666666666
237,0.6666666666666666
237,4.0
-355,1.3333333333333333
-285,1.0
1032,9.0
-152,2.0
237,3.0
-355,1.5
1032,5.0
-285,1.0
1275,3.0
-355,0.25
1275,4.0
1032,3.0
1032,1.3333333333333333
-131,2.0
-285,2.0
-81,1.0
-234,1.0
-234,0.5
-220,3.0
-220,4.0
-81,2.0
-81,1.0
-234,1.5
-234,2.0
-293,1.5
-238,3.0
-238,3.0
-293,4.0
-293,2.5
-238,1.0
-293,1.5
-826,1.0
-747,1.5
-747,6.0
-747,2.0
1395,1.0
-469,0.2857142857142857
952,3.0
-826,1.5
-708,3.0
-708,5.0
-469,0.6666666666666666
1395,2.5
-1171,5.0
952,7.0
-826,1.5
-469,6.0
1395,4.0
-1171,3.0
952,2.0
-826,2.0
-708,3.0
-469,3.0
-747,4.0
1395,1.5
-1171,3.0
952,1.5
-1171,2.0
5,2.0
5,1.0
2,2.0
2,1.0
2,0.5
2,2.0
2,2.0
-431,1.5
-255,0.6
566,2.0
-466,1.5
-255,1.0
-255,1.5
566,3.0
-431,2.0
-466,2.0
-233,1.0
-233,1.6666666666666667
-233,3.0
-17,1.0
-17,4.0
-17,2.0
-36,3.0
-196,0.25
-36,2.0
-36,1.5
-36,1.0
-196,0.5
-196,1.0
-192,0.6666666666666666
-233,5.0
-196,4.0
272,1.3333333333333333
272,2.5
272,4.0
-192,6.0
-415,1.0
257,3.0
257,2.0
257,0.5
-415,3.0
-17,2.0
-192,2.0
-415,2.0
-192,2.0
272,2.0
-415,2.0
446,1.0
-337,1.0
-337,6.0
-2879,1.2
3174,1.2
-337,5.0
3174,0.8333333333333334
-337,4.0
-2879,4.0
-761,2.0
446,1.0
-2879,0.8333333333333334
3174,0.8
-1017,2.5
-761,4.0
-1017,2.0
-1017,2.0
-699,2.0
-1017,0.6666666666666666
-2879,8.0
259,1.0
259,0.3333333333333333
-761,1.5
3174,0.2
446,0.5
-761,1.0
-699,1.6666666666666667
-699,2.0
-699,4.0
259,1.0
259,3.0
446,0.6666666666666666
-435,0.6666666666666666
-435,4.0
-1149,1.5
-391,1.5
-482,2.0
-112,0.6666666666666666
-112,3.5
-112,1.25
-391,2.0
-468,1.3333333333333333
1648,1.3333333333333333
-435,5.0
-391,4.0
-1149,2.0
1599,1.0
1599,4.0
1599,2.5
-1149,2.0
-391,0.5
-482,3.0
1599,3.0
1648,3.0
-468,3.0
-112,0.6666666666666666
-435,0.75
1648,2.0
-1149,1.0
-482,0.6666666666666666
1648,1.5
-468,1.0
-468,2.0
-93,1.5
109,3.0
-72,2.0
-72,3.0
-93,2.0
-93,3.0
-93,1.0
-179,0.3333333333333333
336,1.5
336,2.0
336,2.0
-344,0.5
-344,1.0
-179,2.0
-179,3.0
-344,1.3333333333333333
-917,1.5
-910,5.0
791,0.5
-963,2.0
1058,2.0
-917,7.0
-216,2.0
791,2.0
-910,2.0
-216,1.0
1058,3.0
-917,3.0
-744,0.75
791,5.0
-910,2.5
-910,1.0
-963,1.0
-744,3.0
-917,0.5
-744,0.6666666666666666
-744,4.0
-216,2.0
-345,3.0
-345,2.0
-963,1.0
-216,2.0
1058,2.0
-91,2.0
82,3.0
-72,2.0
-98,3.0
-91,2.0
-72,2.0
-98,1.0
82,0.5
-1001,7.0
750,0.2
750,2.0
-484,1.0
-484,3.0
-484,1.0
901,1.5
-900,4.0
750,8.0
-1001,5.0
-709,1.5
-709,5.0
-404,2.0
-404,1.0
-404,2.5
901,6.0
-1001,2.0
-1001,0.8
-709,0.7142857142857143
750,0.4
-709,4.0
-733,2.5
-733,3.0
901,5.0
-900,0.75
-900,3.0
-733,1.0
-733,6.0
-900,1.6666666666666667
-404,1.5
-970,0.6666666666666666
-970,3.0
-970,2.0
-22,2.0
-22,2.0
-65,1.0
317,0.5
-468,3.0
-468,1.0
597,2.0
-932,2.0
-970,1.5
-65,2.0
-462,2.0
317,2.0
-468,2.0
597,2.0
597,3.0
-932,2.0
-932,0.5
-3017,2.0
3297,5.0
-3263,16.0
3295,2.5
-3749,3.5
-3263,3.0
-3263,6.5
-633,12.0
-1627,6.0
-2457,2.6666666666666665
-2457,1.6666666666666667
-2457,3.5
3295,4.0
3297,7.5
-2457,0.75
-3017,9.0
3297,0.8
-3749,3.3333333333333335
-633,0.42857142857142855
-1627,8.0
-1627,1.2
-1627,1.5
3297,2.0
-3749,4.5
-3263,2.2
3295,3.3333333333333335
-3017,2.5
-633,8.0
-633,1.5
-3017,5.0
-3749,1.6666666666666667
3295,0.6666666666666666
1083,3.0
-790,4.0
-719,5.0
1083,1.0
-442,0.5
-442,2.0
-568,1.0
-568,2.0
-1115,2.0
785,4.0
-790,2.0
-719,6.0
785,2.0
1083,1.5
-719,3.0
-442,2.0
-568,4.0
-946,2.0
-790,3.0
-568,1.5
-1115,3.0
-946,2.0
-946,1.0
-790,4.0
785,0.5
-442,0.5
-946,2.0
-1115,2.0
-2629,1.0
-2629,2.0
-948,2.2
-1388,1.25
-1388,1.1111111111111112
-431,1.3333333333333333
-431,4.0
-1388,5.0
-1388,4.666666666666667
-431,5.0
-1869,4.0
1730,5.0
1730,1.75
-2629,4.0
1648,1.6666666666666667
1648,2.0
-948,7.0
-431,4.0
-1224,2.0
1648,7.0
1648,2.0
-948,3.0
-1224,2.5
-948,1.6666666666666667
1730,1.0
-1869,0.5
1730,1.5
-1869,1.0
-1869,2.0
-2629,1.0
-1224,3.0
-1224,2.0
517,0.6
-51,0.6
-456,0.8333333333333334
856,3.0
-616,1.0
-616,2.3333333333333335
-51,0.2
-79,1.5
-229,4.0
-616,1.0
-1121,1.5
-1121,1.25
-616,1.6666666666666667
-456,1.3333333333333333
-1121,5.0
-79,2.0
-229,4.0
-456,1.5
856,3.0
-1121,5.0
-79,3.0
-229,3.0
517,1.0
517,2.5
856,2.6666666666666665
-456,1.3333333333333333
-229,1.0
-51,2.5
-51,0.6666666666666666
856,2.0
517,1.0
-79,2.0
136,2.0
351,4.0
-137,4.0
-106,0.25
351,2.0
-248,0.5
-248,2.0
-248,2.0
3269,0.42857142857142855
-3818,3.0
3391,5.5
-3505,2.6666666666666665
-421,0.3333333333333333
3269,0.75
-3818,1.5
-3818,6.5
3391,1.2857142857142858
-3505,13.0
-3505,4.25
-3362,7.5
-421,0.75
-3362,3.0
-3362,6.5
-1518,1.5
-2399,2.0
-2399,1.6666666666666667
3391,2.6666666666666665
-3505,3.5
3269,1.0
-3818,1.6666666666666667
3391,1.2857142857142858
-3362,8.0
-421,0.3333333333333333
3269,1.5
-2399,4.0
-2399,0.3333333333333333
-1518,0.3333333333333333
-1518,0.6666666666666666
-1518,2.0
0,1.0
0,1.0
0,0.3333333333333333
0,0.3333333333333333
-156,1.0
-112,0.5
-112,2.0
-156,2.0
111,2.0
-112,2.0
-156,2.0
-683,0.42857142857142855
-683,1.3333333333333333
1098,3.0
-724,5.0
-783,5.0
0,3.0
1098,2.0
-724,2.0
1098,0.3333333333333333
-724,2.5
-783,6.0
0,1.6666666666666667
-724,1.25
-783,2.5
-683,1.0
0,2.0
-54,0.5
-683,1.5
1098,0.5
1,2.0
1,2.0
-54,1.0
-783,4.0
0,4.0
-198,1.0
40,0.4
-56,3.0
26,1.6666666666666667
26,2.5
-198,4.0
40,4.0
40,1.5
-13,1.0
-198,1.0
-198,3.5
-13,3.0
-56,2.0
-13,2.0
-13,2.0
-8,0.5
-8,1.0
-68,3.0
-68,1.5
86,2.0
86,3.0
26,3.0
26,1.5
86,3.0
-56,2.0
-254,2.0
310,2.5
64,3.0
64,1.5
64,1.3333333333333333
64,0.8333333333333334
-254,0.25
-206,2.5
-206,2.0
-69,0.25
-69,4.0
-365,1.0
-365,3.0
-578,4.0
307,2.0
-578,1.0
-578,1.0
310,0.5
-69,4.0
310,1.0
307,0.6666666666666666
-69,2.0
-365,3.0
-254,0.5
307,3.0
307,2.0
310,2.0
-7,0.5
54,3.0
54,3.0
62,2.0
62,2.0
54,2.0
264,1.5
264,1.0
-63,1.0
-63,3.0
-185,2.0
-121,5.0
-121,4.0
126,1.6666666666666667
-97,1.3333333333333333
126,0.6666666666666666
126,1.0
-97,2.0
-121,0.5
-97,1.5
-97,0.5
-63,2.0
-63,3.0
-185,2.0
264,2.0
-110,1.0
-110,0.5
-185,3.0
-110,2.0
-185,3.0
-920,2.0
-920,1.0
-1668,3.5
-2970,4.0
-2853,4.0
-2864,5.0
2687,0.8333333333333334
-1668,1.6666666666666667
-2970,1.5
-2970,2.6666666666666665
2968,1.4
-2853,10.0
2968,2.6666666666666665
2968,5.5
-2853,2.25
-2864,8.0
2968,0.75
2687,7.0
-2864,2.0
-2534,2.0
-2970,1.0
-920,1.5
-1668,0.6666666666666666
-920,1.5
-2853,6.0
-2534,3.0
2687,1.25
-2864,4.0
-2534,2.0
-1668,2.0
2687,3.0
-600,0.6
-349,1.0
485,1.6666666666666667
-492,2.0
-492,2.0
-600,1.3333333333333333
-600,5.0
-492,0.6666666666666666
-349,2.0
-349,0.25
485,4.0
-492,3.0
-349,1.5
-600,1.3333333333333333
485,0.5
-451,1.0
-300,0.6666666666666666
-745,0.3333333333333333
-451,0.5
-145,2.0
338,1.0
-451,1.0
-745,1.0
-145,2.0
-145,3.0
-404,1.0
338,3.0
338,2.0
338,4.0
278,0.2
-745,3.0
-276,2.0
-300,2.0
-451,0.5
-745,2.0
-145,2.0
-276,3.0
-276,2.0
-276,2.0
-300,2.0
-300,2.0
278,3.0
-404,2.0
2785,2.0
-3028,4.0
-3028,4.5
-3733,1.5
-3733,6.5
0,2.4
2785,1.75
2785,3.0
-3028,10.0
2373,0.75
2373,1.6666666666666667
-3733,7.0
2373,3.0
-1915,2.6666666666666665
0,2.25
0,6.0
-458,0.75
2373,3.5
-3733,1.5
-3028,1.0
0,2.0
-1915,2.0
-1915,2.0
2785,8.0
-1915,0.8
-1351,3.0
-1351,2.0
-1351,2.0
-458,0.75
-1351,4.5
-458,0.6666666666666666
-458,5.0
189,1.0
26,0.25
219,1.0
-214,1.0
-214,2.0
-13,1.5
290,3.0
26,2.0
26,2.0
26,3.0
92,2.0
92,3.0
189,0.5
189,2.0
192,1.0
-13,2.0
219,2.0
219,2.0
189,0.5
-214,1.5
192,1.5
92,2.0
192,2.0
290,2.0
290,2.0
-87,2.0
-87,2.0
-142,2.0
-87,0.5
224,0.5
-120,1.5
-94,1.0
-320,1.5
-320,2.0
-320,2.0
-126,0.6666666666666666
-94,3.0
-76,0.5
-76,2.0
-48,2.0
-126,1.0
-120,1.3333333333333333
338,2.0
-120,0.5
224,3.0
-94,2.0
-126,3.0
-94,2.0
-48,0.5
-320,2.0
224,0.3333333333333333
-87,0.3333333333333333
-87,1.5
265,1.0
-9,0.5
170,2.0
-229,2.0
-9,0.5
-319,2.0
170,1.5
-87,0.5
-87,1.0
-319,2.0
-130,1.0
-9,0.5
-319,1.0
-130,2.0
-130,3.0
-130,2.0
-87,1.0
96,0.5
96,2.0
96,2.0
96,2.0
-113,2.0
122,1.5
122,5.0
92,1.0
-116,2.0
-116,3.0
-313,1.0
143,4.0
122,1.0
122,3.0
318,2.0
92,1.0
92,3.0
92,2.0
-116,2.0
143,1.5
120,4.0
-313,1.5
-313,2.0
143,2.0
120,2.0
20,2.0
120,1.0
318,2.0
20,2.0
-157,1.3333333333333333
281,1.0
-219,2.0
-157,0.5
-157,3.0
281,2.0
-219,5.0
-219,3.0
-379,4.0
281,1.0
-379,0.5
-219,3.0
-379,2.0
-379,1.0
-157,0.5
2196,1.6
2196,3.0
4320,4.0
4320,3.25
4320,6.5
-2425,9.0
-2425,1.4
-2425,2.75
-2425,5.0
-2566,4.0
2196,1.75
2196,1.1666666666666667
-2566,2.0
-1821,0.8333333333333334
-431,7.0
-2128,10.0
-2128,1.8333333333333333
-1821,1.5
-2128,2.0
-2566,1.4
-2128,3.0
-431,1.0
-1308,1.5
-1308,0.3333333333333333
-1821,1.3333333333333333
-2566,6.0
-1308,0.6666666666666666
-1308,3.0
4320,8.0
-1821,0.25
-431,2.0
-469,1.25
1071,1.0
502,2.5
502,3.0
-388,5.0
-409,3.0
502,3.0
-388,3.0
-409,2.0
-469,1.0
-548,1.6666666666666667
-548,1.6666666666666667
-548,1.5
1071,5.0
1071,4.0
1071,1.5
-469,1.0
-670,1.5
-388,3.0
-409,0.6666666666666666
-670,3.0
-153,1.5
-469,1.0
502,2.0
-153,0.5
-153,4.0
-548,4.0
-670,1.0
144,0.3333333333333333
217,1.0
217,5.0
18,2.0
18,3.0
144,3.0
18,2.0
228,3.0
228,2.0
228,2.0
18,2.0
144,0.5
-646,3.5
-888,1.0
-888,2.0
1105,0.6
1105,1.5
1105,6.0
1105,4.0
-447,1.6666666666666667
-447,2.5
-888,5.0
-1665,2.5
-888,1.3333333333333333
-1888,2.0
-1888,5.0
-621,7.0
-1665,2.5
-1888,1.5
-447,1.0
-621,3.0
-1665,9.0
-646,3.0
-1888,1.5
1657,1.6666666666666667
-621,5.0
1657,2.5
1657,3.0
-1665,1.5
-646,2.0
1657,4.0
-646,2.0
-621,2.0
648,0.6666666666666666
359,4.0
-59,2.0
-59,2.0
-59,1.5
-59,3.5
-908,1.0
-908,5.0
-316,0.75
-316,2.0
-316,5.0
359,1.3333333333333333
270,0.5
270,1.5
359,2.0
-316,2.0
-908,1.5
-908,1.5
270,1.0
648,3.0
648,0.6666666666666666
359,0.5
648,1.5
-1000,1.0
-620,2.5
-620,1.5
602,0.75
747,1.3333333333333333
-767,2.0
747,3.0
-694,0.6666666666666666
-694,1.3333333333333333
602,2.3333333333333335
-443,1.25
-767,5.0
-504,2.0
-694,5.0
-504,1.0
-620,6.0
-443,3.5
-504,2.0
-767,1.6666666666666667
-1000,6.0
-1000,6.0
602,2.0
-504,4.0
-620,1.25
-1000,1.0
-443,3.0
-443,5.0
-767,4.0
747,0.6666666666666666
602,0.5
-252,1.3333333333333333
-252,3.5
-470,0.6666666666666666
-67,1.3333333333333333
-252,4.0
-252,2.0
107,6.0
-67,2.0
-67,1.5
49,1.0
49,1.25
-238,3.5
-173,3.5
-173,2.0
-238,5.0
-470,8.0
-470,1.2
49,0.5
6,1.0
6,1.3333333333333333
-173,7.0
-470,0.6
6,3.0
-238,0.25
49,3.0
6,0.6666666666666666
-238,1.0
-2028,3.5
-1039,0.5
1739,4.0
1787,1.1666666666666667
-3152,2.0
-2028,7.0
1787,1.5
-3152,2.3333333333333335
-3152,1.4
-2028,3.6666666666666665
1739,1.0
1739,1.3333333333333333
-1543,3.0
1787,1.6666666666666667
-574,1.5
-2028,1.25
-3152,6.0
-1543,1.5
-1543,4.5
1787,4.0
-1256,1.5
-1256,2.0
1739,3.0
-1543,4.0
-574,4.5
-1039,2.0
-1039,1.5
-574,5.0
-574,8.0
-1256,4.0
-1256,2.0
-132,3.0
43,2.0
-68,2.0
-68,3.0
-68,3.0
-75,2.0
-75,1.0
-132,0.6666666666666666
-68,3.0
-132,1.5
43,4.0
43,2.0
-75,0.5
292,0.6666666666666666
-322,3.0
-367,5.0
-367,3.0
-349,3.0
-349,4.0
-349,1.0
-154,3.0
-154,2.0
-120,2.0
-154,0.5
-255,3.0
292,4.0
-255,2.0
-367,4.0
-322,0.5
203,2.0
203,3.0
-367,2.0
-120,2.0
-154,1.0
203,2.0
-82,1.0
-464,1.0
-464,3.0
-464,4.0
980,5.0
980,3.0
980,4.0
-709,1.5
-709,6.0
849,1.0
-145,1.3333333333333333
-82,1.5
-145,0.6666666666666666
-464,3.0
-855,3.0
-855,3.0
849,4.0
-709,4.0
-387,1.3333333333333333
-387,4.0
-145,1.0
-82,0.6666666666666666
-82,0.6666666666666666
980,2.0
-855,3.0
849,0.5
-709,2.0
-855,3.0
-387,0.5
-127,0.5
79,2.0
-127,2.0
-127,2.0
-579,0.3333333333333333
-491,5.0
-491,3.0
-452,2.0
-452,1.0
-491,0.6666666666666666
-452,0.6
617,2.0
-579,1.0
-491,2.0
-452,2.5
-300,2.0
594,1.0
-579,3.0
617,3.0
617,2.0
-579,1.0
-157,2.0
-157,2.0
-456,4.0
-456,1.0
-456,2.0
-456,4.0
-300,2.0
617,0.5
-157,0.5
594,0.5
-732,1.5
-732,3.0
597,3.0
660,0.5
597,2.0
261,2.0
261,1.0
799,1.5
367,1.0
660,0.5
399,1.0
399,2.5
660,0.3333333333333333
-732,2.0
799,5.0
367,0.3333333333333333
660,1.0
799,2.0
367,0.5
597,1.0
399,1.5
-732,2.0
399,2.0
-39,2.0
-39,1.5
123,2.0
-75,2.0
-263,1.0
-263,1.6666666666666667
-263,4.0
316,1.5
-432,0.6666666666666666
-432,1.5
-34,2.0
-54,1.0
-204,3.0
-250,2.0
482,1.0
482,7.0
482,1.0
-34,2.0
316,2.0
-204,5.0
-54,2.0
316,2.0
-263,2.0
482,0.5
-204,3.0
-250,0.5
-432,2.0
-432,4.0
316,2.0
255,0.5
255,0.3333333333333333
-88,7.0
255,1.0
-278,1.0
112,1.3333333333333333
-278,0.5
-88,0.6
176,1.5
112,2.0
-88,1.0
255,0.3333333333333333
230,0.25
-43,2.0
-228,4.0
-278,0.3333333333333333
-228,3.0
230,1.5
-43,2.0
-228,3.0
-88,5.0
112,1.0
176,2.0
-43,2.0
-16,2.0
-20,2.0
-153,5.0
47,2.0
240,3.0
240,2.0
-200,2.0
-153,0.6666666666666666
-153,0.5
9,0.5
-20,0.5
-55,2.0
240,0.5
749,1.0
-48,0.25
104,3.0
-48,2.0
69,4.0
-372,3.0
-372,2.0
749,3.0
-213,2.0
-344,2.5
80,3.0
80,0.5
80,4.0
-372,1.0
749,1.0
-213,5.0
-344,3.0
-344,3.0
749,0.5
104,0.5
104,2.0
-48,1.0
-48,0.5
80,4.0
69,2.0
-213,1.0
-344,2.0
69,2.0
212,1.3333333333333333
-144,0.5
-170,0.5
-42,3.0
-42,2.0
-224,2.0
-224,2.0
212,2.0
155,2.0
-227,2.0
-653,1.2
-1326,3.5
1915,2.25
-1946,3.0
-1946,1.75
-1946,2.6666666666666665
-1931,0.8
-1931,7.0
-1931,3.5
1314,1.0
1314,10.0
1314,2.3333333333333335
1314,1.3333333333333333
-1498,3.0
-1931,3.3333333333333335
-653,1.6666666666666667
-1326,3.5
-1493,1.5
-1498,2.3333333333333335
-653,1.6666666666666667
-1493,2.0
1915,4.0
-653,3.0
1915,5.0
-1946,2.0
-1498,2.0
-1498,1.4
1915,0.6666666666666666
-1326,1.3333333333333333
-1493,1.6666666666666667
-1493,2.0
-1326,0.6666666666666666
532,1.0
-343,8.0
532,0.75
532,1.5
-424,1.5
-424,1.5
-424,0.3333333333333333
-343,3.0
-343,3.0
-424,4.0
532,3.0
-343,2.0
185,2.0
-183,1.0
-191,2.0
-309,2.0
-183,1.0
-309,0.6666666666666666
317,5.0
-191,2.0
-191,4.0
317,1.0
317,2.0
-191,0.5
185,0.5
-309,0.5
-96,0.75
-96,2.5
-456,0.4
2570,0.5
2509,0.7142857142857143
2509,3.0
-3173,8.0
-2707,4.5
2509,1.1666666666666667
-3173,11.0
-2707,4.0
-1684,1.5
-1684,3.5
2570,4.0
-3173,6.0
2570,1.2
-1684,2.0
-1684,1.4
-2707,2.5
-456,2.0
-456,2.0
-2707,2.0
2509,1.5
-3173,7.0
-96,3.0
-456,1.3333333333333333
-96,3.0
2570,4.0
373,0.8
-558,4.0
-431,1.75
-443,0.2
51,2.5
51,2.0
373,1.6666666666666667
51,0.3333333333333333
51,0.6666666666666666
-154,2.5
-154,0.6666666666666666
-558,1.0
-558,1.0
-431,4.5
373,0.6
-431,1.0
-154,1.0
96,1.5
-69,3.5
-69,1.5
-431,2.3333333333333335
96,1.0
-69,0.6666666666666666
-69,2.0
-443,4.0
-154,1.0
96,1.6666666666666667
373,4.0
-558,1.0
96,3.0
-443,1.0
-443,1.0
-18,0.3333333333333333
33,1.0
33,3.0
-21,2.0
-21,1.0
-18,3.0
-18,1.0
-18,0.5
-236,5.0
184,3.0
-277,5.0
-277,3.0
614,1.5
614,4.0
-278,4.0
-236,0.5
614,0.5
184,0.5
-277,2.0
-277,1.5
-236,0.5
-127,1.0
-127,3.0
124,0.6666666666666666
124,0.5
-127,3.0
124,0.5
124,2.0
-127,2.0
-258,2.0
-258,2.0
-258,2.0
-800,2.3333333333333335
-800,1.8
-800,2.3333333333333335
-1472,1.6666666666666667
-935,2.0
964,1.0
-353,2.0
-403,4.0
-1178,0.3333333333333333
-1472,1.3333333333333333
-800,1.0
-1178,2.0
964,3.0
1168,0.8
1168,1.0
-1472,3.0
-935,2.25
964,1.5
-353,2.0
1168,5.0
1168,5.0
-935,3.0
-403,1.3333333333333333
-403,3.0
-1472,6.0
964,0.5
-1178,0.5
-353,2.0
-1101,0.6666666666666666
-1101,1.0
-1700,4.0
-1700,1.6666666666666667
-1700,2.3333333333333335
-2546,1.0
-2546,5.0
-2546,7.0
1937,1.3333333333333333
-1768,6.0
1937,1.3333333333333333
2294,1.3333333333333333
-1768,1.75
-684,1.0
1937,5.0
-1768,4.333333333333333
-2153,3.6
-684,5.0
-1700,2.3333333333333335
-684,5.0
-1101,3.5
2294,3.0
-1768,4.0
-2153,7.0
2294,1.0
-2153,1.5
1937,2.3333333333333335
-1101,4.0
2294,2.5
-684,3.0
-2153,5.0
-2546,0.8
-268,1.6666666666666667
369,2.5
-67,1.0
-486,2.0
-440,1.0
331,7.0
-67,3.0
-67,4.0
-268,2.0
-486,1.0
369,1.3333333333333333
-440,1.5
-263,2.0
-163,0.6666666666666666
369,0.5
-263,1.0
-263,3.0
369,0.25
-440,2.0
331,4.0
-163,2.0
-263,0.5
-440,1.0
-486,0.3333333333333333
-163,1.0
331,0.3333333333333333
214,1.25
-237,2.0
-237,2.0
-266,2.0
-209,0.5
-209,3.0
214,3.0
318,0.6666666666666666
-237,4.0
214,3.0
-266,2.0
-266,2.0
-209,0.3333333333333333
318,2.0
214,0.5
-679,1.0
-744,0.6666666666666666
-744,1.0
767,4.0
767,1.0
-970,3.0
-101,2.0
-434,1.0
-434,4.0
-709,1.0
-709,1.5
-744,0.5
767,1.0
-970,1.0
-679,2.0
-679,3.0
-679,2.5
-434,0.5
-101,2.0
-101,2.0
-709,1.5
756,1.0
-744,1.0
-970,3.0
756,1.0
-970,1.0
-12,1.0
36,1.0
-12,0.6666666666666666
36,1.0
-19,3.0
-19,4.0
-19,2.0
-19,2.0
-12,1.5
36,3.0
36,2.0
-12,2.0
-223,2.0
59,2.0
-67,3.0
-435,3.0
-27,2.0
-435,0.5
-435,1.5
-435,1.5
383,2.0
553,4.0
-369,2.0
383,0.5
-50,0.5
-50,3.0
-142,2.0
-369,2.0
383,0.5
1188,1.3333333333333333
-204,2.0
-773,2.0
878,1.5
-204,0.5
-204,0.5
-773,1.5
-1005,1.5
-1005,3.0
-925,4.0
878,5.0
-957,4.0
-957,2.5
1188,3.0
1188,1.3333333333333333
-925,4.0
-773,4.0
-773,1.5
1188,4.0
-925,0.5
878,1.5
-1005,2.0
-1005,1.0
-204,0.5
-925,3.0
-957,3.0
-957,2.0
-132,3.0
-132,0.5
878,2.0
-1090,1.5
-1280,2.0
-1280,1.25
1214,1.0
-898,3.0
970,1.0
-1090,2.5
-890,1.25
-1169,7.0
-1169,1.5
970,1.0
-1090,3.5
1214,2.0
-898,2.0
970,2.0
-1169,2.0
1214,3.5
-1928,5.0
-1928,2.0
-890,2.3333333333333335
-1169,2.3333333333333335
-898,1.1428571428571428
-1280,1.0
-1928,0.6666666666666666
-1090,9.0
1214,1.5
-1280,1.0
-898,3.0
-890,3.0
970,2.0
-2041,1.1666666666666667
2358,1.6
2358,3.0
-2472,3.0
-942,1.3333333333333333
-1651,1.25
-2041,1.4285714285714286
-2472,2.0
-942,0.6666666666666666
-1651,0.3333333333333333
-2472,5.5
-942,0.5
-1651,2.5
-2041,8.0
-2041,2.0
2358,2.0
2358,4.5
2359,1.5
2359,2.5
-1688,4.0
-1688,1.6666666666666667
-1688,4.0
-942,0.3333333333333333
-2472,6.0
-1688,4.0
-1651,9.0
2359,1.5
2359,1.0
-357,0.5
-357,0.5
-357,2.0
-136,0.6666666666666666
-193,0.25
-139,0.5
-139,3.0
225,5.0
-136,3.0
-136,1.5
157,0.4
-139,0.3333333333333333
225,0.3333333333333333
225,2.0
-193,1.5
-193,1.5
157,2.0
157,2.0
-242,1.6
-607,1.0
424,2.5
-686,4.5
-242,3.3333333333333335
388,0.5
-368,1.0
424,2.5
-242,2.3333333333333335
-686,1.0
-686,2.5
-686,5.0
388,0.75
-124,0.3333333333333333
-124,2.0
-124,4.0
-124,3.0
-275,2.0
-275,1.25
-607,1.0
424,3.5
424,5.0
-607,0.5
-275,0.5
388,3.0
-368,0.6
-368,1.3333333333333333
-368,0.3333333333333333
-242,0.6
-607,2.0
388,1.0
-66,2.0
-66,2.0
-178,2.0
-178,2.0
-178,2.0
218,1.6666666666666667
-358,3.0
-358,2.0
50,2.0
179,1.0
-99,0.5
50,1.0
-85,2.0
218,1.0
-358,3.0
643,2.0
643,2.0
-99,2.0
218,1.0
50,2.0
643,3.0
-99,1.0
179,0.5
218,0.6666666666666666
-358,2.0
-490,2.0
-92,2.0
-92,2.0
-92,2.0
-490,2.0
283,2.0
283,2.0
283,2.0
-367,3.0
-367,2.0
-367,2.0
-92,1.0
-364,2.0
-490,2.0
59,3.0
-168,2.0
59,0.6
-168,3.0
59,2.0
-168,0.5
-1753,1.3333333333333333
839,1.6666666666666667
-1291,3.6666666666666665
1088,1.3333333333333333
1088,3.5
-1338,4.0
-1338,6.5
-1753,1.3333333333333333
27,0.3333333333333333
839,0.25
-356,3.0
-1291,9.0
1088,3.0
-356,2.0
-539,1.3333333333333333
839,0.75
-1753,0.5555555555555556
-539,0.6666666666666666
1088,7.0
839,1.0
-1338,3.0
-1291,0.4
-356,0.25
27,1.5
27,1.5
-356,6.0
-539,1.3333333333333333
-1753,0.6666666666666666
-539,4.0
-1291,2.0
-1338,5.0
27,2.0
-513,1.0
364,0.3333333333333333
364,2.0
-560,3.0
-513,1.0
-513,0.5
-560,2.0
-513,2.0
-26,0.5
-108,2.0
-108,3.0
-108,4.0
-168,0.5
-168,3.0
-168,5.0
-160,2.0
53,2.0
-93,2.0
113,2.0
-160,2.0
-161,2.0
113,0.5
113,0.5
-134,0.5
-104,2.0
-604,2.5
-604,1.75
-8,0.75
-104,1.3333333333333333
0,1.25
0,1.5
-604,0.6
-604,3.0
-8,3.0
-538,8.0
-538,9.0
-621,3.0
-8,3.0
266,5.0
-104,6.0
-538,4.0
217,4.0
-621,4.0
-104,2.5
-104,0.6666666666666666
-8,2.0
266,4.5
217,7.0
-538,1.0
217,6.0
-621,7.0
266,4.0
217,4.0
0,5.0
0,0.5
266,2.0
819,2.0
-523,1.0
-523,4.0
660,1.5
660,3.0
-979,1.0
819,4.0
-876,3.0
-1018,7.0
-1018,4.0
-523,3.0
-876,4.0
-979,3.0
819,3.0
-876,3.0
-523,0.5
-979,6.0
660,2.0
296,0.5
502,3.0
-309,3.0
-523,0.5
296,2.0
296,2.0
502,1.0
502,2.5
502,2.0
-309,2.0
-309,4.0
-523,1.5
-168,2.0
-168,0.5
-523,2.0
-523,1.0
-168,0.5
-309,0.5
657,0.8
-37,0.8
-37,1.4
-605,0.4
500,0.8
-923,1.6666666666666667
-923,3.0
-37,2.0
-605,3.5
-923,2.1666666666666665
-923,3.6
657,0.3333333333333333
500,2.5
-741,1.6666666666666667
-506,1.75
500,1.25
-741,2.0
-506,2.5
657,1.6666666666666667
-741,1.0
-444,1.3333333333333333
500,0.5
-444,1.5
657,2.0
-506,4.5
-605,4.0
-506,2.0
-444,6.0
-37,4.0
-605,5.0
-444,3.0
458,0.3333333333333333
-321,1.0
-79,1.0
-680,1.0
-680,5.0
357,6.0
-321,0.5
-341,1.0
-483,2.0
458,2.0
-79,1.0
-483,3.0
-483,1.0
-79,1.0
-341,2.0
357,1.0
-321,0.5
-483,2.0
-680,3.0
-341,1.0
357,1.0
-321,4.0
315,1.5
107,1.0
-802,1.0
-802,0.75
-289,0.25
107,0.5
-210,2.0
-210,3.0
-289,3.0
-802,1.0
-392,0.3333333333333333
-289,0.5
261,0.75
261,0.5
-392,2.0
-802,1.0
315,3.0
-210,2.0
261,3.0
-289,1.0
315,2.0
-392,2.0
-115,0.6666666666666666
225,0.5
-362,1.0
-115,2.0
-115,0.5
60,2.0
265,3.0
225,0.6666666666666666
60,3.0
60,2.0
265,3.0
-362,1.0
60,1.0
265,2.0
265,3.0
-362,0.5
-362,2.0
-460,2.0
-420,4.0
432,3.0
432,0.5
-460,2.0
-149,0.75
432,1.0
432,4.0
-460,2.0
-460,2.0
-420,2.0
-45,3.0
-45,2.0
-158,3.0
111,2.0
111,2.0
-71,1.0
-149,0.5
-149,2.0
-149,2.0
-420,2.0
-420,2.0
838,1.5
838,0.6666666666666666
-696,2.0
-425,2.0
-287,1.3333333333333333
-696,1.0
602,1.5
602,4.0
602,0.6666666666666666
-593,6.0
-741,2.5
-593,1.0
-287,5.0
-696,2.0
-593,2.0
-425,2.0
-741,2.0
-593,0.3333333333333333
838,3.0
-136,0.5
-287,4.0
-425,2.0
838,2.0
-136,2.0
-136,2.0
-425,2.0
-696,2.0
-741,2.0
294,0.6666666666666666
294,3.0
-215,4.0
-215,0.6666666666666666
-138,6.0
294,2.0
-115,0.5
-215,1.3333333333333333
294,0.5
-138,0.3333333333333333
-115,1.5
93,2.0
-131,1.0
-131,2.0
-131,2.0
-225,1.0
-225,2.0
279,3.0
-159,4.0
258,3.0
-169,3.0
-131,1.0
-225,2.0
-225,1.0
279,3.0
-159,2.0
279,1.0
258,0.5
258,2.0
-176,0.5
-176,2.0
279,2.0
-159,2.0
-159,2.0
-1733,1.0
-1733,2.5
1308,1.0
-1976,2.0
-1976,0.75
-1292,0.6666666666666666
1483,0.8
1308,2.0
-245,1.0
-674,1.5
-245,0.5
-245,2.0
-674,2.0
-674,4.0
-674,1.5
-1292,5.0
1483,0.5
-245,1.3333333333333333
1483,2.0
-1976,2.6666666666666665
-1976,2.0
1308,1.3333333333333333
1308,7.0
1483,3.5
-1733,1.5
-1733,1.0
-1292,2.0
4,2.0
4,2.0
2,2.0
2,2.0
-15,0.5
-15,0.5
-15,2.0
4,0.5
-738,3.5
-786,1.0
-241,7.0
727,2.0
-241,0.75
-240,1.0
727,2.0
-738,1.5
-1930,1.5
727,1.5
727,1.5
-786,11.0
-738,1.0
1013,1.3333333333333333
-241,2.5
76,2.5
-1930,0.8
-786,3.0
-786,2.5
1013,1.0
76,0.8333333333333334
76,2.0
-240,7.0
-240,2.3333333333333335
-240,1.25
-241,3.5
-1930,1.0
-738,4.0
76,0.6
1013,4.0
-1930,5.0
1013,3.0
-403,3.0
-403,3.0
471,2.0
255,0.6666666666666666
255,4.0
-215,3.0
-215,2.0
-403,2.0
471,2.0
-367,4.0
-292,0.5
-215,1.0
255,0.5
255,3.0
-367,2.0
-367,2.0
-367,1.0
-263,1.0
-392,1.0
131,0.5
-303,1.0
-392,4.0
-303,0.6666666666666666
69,1.0
-263,0.3333333333333333
131,2.0
-303,2.0
-392,2.0
-263,0.5
21,2.0
69,2.0
69,4.0
131,2.0
-477,4.0
-263,2.0
21,3.0
21,2.0
-303,1.5
2,0.5
2,1.0
-683,1.0
-683,3.0
-676,1.0
661,2.0
661,1.5
-659,1.0
-690,1.0
-690,3.0
2,0.5
-683,2.0
-676,3.0
-676,1.5
661,2.0
-659,3.0
-690,1.3333333333333333
2,1.0
768,1.0
-676,3.0
-690,2.0
661,0.3333333333333333
768,3.0
768,3.0
-683,2.0
-659,2.0
-92,2.0
144,4.0
-109,2.0
-171,2.0
-171,1.0
-171,2.0
-171,0.5
144,2.0
144,2.0
11,0.5
11,0.5
11,2.0
150,0.4
150,1.5
-100,2.0
150,2.5
150,3.0
-100,4.0
-100,5.0
-98,4.0
-98,3.0
-98,3.0
-100,0.5
-98,3.0
-2988,1.3333333333333333
-3062,2.0
-4584,13.0
-1495,2.0
3747,3.0
-3062,3.3333333333333335
3592,4.0
-3062,1.5
-4584,3.5
-2988,1.5
-4584,2.25
-2988,1.6666666666666667
3747,2.6666666666666665
-3062,1.6666666666666667
-3526,3.0
-459,2.0
-459,3.5
-1495,3.0
-1495,0.8333333333333334
-3526,6.0
3592,1.0
-3526,2.5
-2988,5.0
3592,1.3333333333333333
-459,1.0
-3526,2.5
3747,2.0
3592,0.6666666666666666
3747,2.0
-4584,1.0
-1495,6.0
-459,0.5
-271,1.0
-271,4.0
730,2.0
-570,2.0
-696,1.5
-271,1.3333333333333333
730,5.0
-570,1.0
816,1.0
-696,0.6666666666666666
-696,1.5
730,0.5
-570,1.0
816,1.5
-623,5.0
-696,0.5
-623,0.6666666666666666
-271,0.3333333333333333
816,3.0
816,2.0
-623,2.0
-133,0.5
-200,3.0
-200,4.0
-200,0.5
-200,2.0
-125,2.0
206,2.0
-101,2.0
177,2.0
-133,2.0
794,0.3333333333333333
-926,1.0
-926,2.5
-782,4.0
-510,1.4
-926,1.5
-926,3.0
655,2.5
-510,1.0
655,2.3333333333333335
794,1.5
-386,2.0
-874,6.0
794,0.5
655,1.0
-510,4.0
-510,4.0
-513,3.5
-386,1.5
-386,1.0
-874,4.0
-874,4.0
-874,0.5
794,4.0
655,3.0
-513,0.3333333333333333
-513,4.0
-782,5.0
-782,1.0
-782,4.0
-513,2.0
-638,0.75
-86,2.3333333333333335
-382,0.5
-382,1.75
589,2.5
-438,4.5
1706,1.2
404,3.0
-1564,4.0
-86,2.0
-638,1.5
-438,2.5
589,0.8333333333333334
-382,6.0
1706,1.2
-1564,1.0
-1564,3.3333333333333335
-1564,4.0
-382,1.25
404,1.0
404,0.5
404,4.0
1706,2.5
-438,1.25
-638,1.0
589,1.1666666666666667
-438,6.0
1706,5.0
-86,1.25
-86,1.5
589,3.0
-638,3.0
688,2.0
688,0.6666666666666666
-903,2.0
-319,0.6666666666666666
-593,2.5
-903,2.0
-214,1.5
-175,4.0
-175,2.0
-175,3.0
-175,2.0
-319,5.0
442,0.5
-593,2.0
-319,1.5
-593,2.0
-465,1.0
-465,2.0
442,3.0
-593,1.0
442,0.6
-214,0.5
-465,3.0
688,3.0
-903,2.0
442,2.5
-319,4.0
-214,3.0
-214,1.0
-166,3.0
-166,2.0
651,1.3333333333333333
-500,4.0
-318,1.0
-318,3.0
651,2.5
-318,1.5
-786,0.5
-786,0.4
-786,0.6666666666666666
-500,2.0
-500,6.0
921,4.0
-793,2.0
921,1.0
-693,1.25
-693,2.0
-793,2.0
-793,5.0
-500,1.0
-793,5.0
921,2.0
921,0.6666666666666666
651,3.0
651,4.0
-166,2.0
-693,2.0
-693,1.5
-786,2.0
890,1.0
-862,1.6666666666666667
-727,2.0
-727,0.5
890,2.0
-212,1.0
-314,2.0
-862,3.0
-644,7.0
890,3.5
-212,4.0
-727,1.5
-212,4.0
-727,2.0
-644,2.0
-644,1.5
-314,3.0
890,2.0
-862,2.5
-314,0.25
-212,0.6666666666666666
-862,3.0
-644,0.5
414,0.25
-357,1.0
-89,3.0
-20,1.5
-20,1.3333333333333333
-173,0.25
-264,5.0
-264,1.5
-357,1.5
-264,1.0
414,2.0
-357,0.6666666666666666
621,3.0
621,5.0
621,3.0
-278,1.0
-278,2.0
621,3.0
-20,4.0
414,2.0
-20,1.0
-89,0.5
-173,1.5
-173,2.0
-173,1.0
-278,2.5
-264,1.5
-89,2.0
-357,2.0
81,4.0
-208,2.0
-344,3.0
81,2.0
-208,2.0
-208,0.3333333333333333
-344,2.0
-208,0.5
-344,2.0
81,0.5
-1854,2.0
1567,5.0
-1636,7.0
-1636,1.25
1567,2.3333333333333335
-1422,2.2
-590,0.5
-1203,1.5
1799,1.5
1799,3.0
-1854,1.2
-1636,5.5
-1422,1.4
-1636,1.6
-1422,1.6666666666666667
-1422,1.0
-290,3.0
-290,1.3333333333333333
-1203,2.5
1799,3.0
1799,0.6666666666666666
1567,2.0
-590,3.5
-1203,0.5
-1854,0.5
-590,1.0
-590,1.5
-1854,11.0
-290,0.5
-1203,1.25
-290,1.0
1567,1.0
-189,0.6666666666666666
-292,1.0
-121,3.0
-121,1.0
-189,2.0
191,0.3333333333333333
191,2.0
-62,1.0
-189,3.0
490,1.5
490,0.5
191,0.3333333333333333
490,2.0
-121,0.3333333333333333
-292,2.0
-62,2.0
-62,2.0
121,2.0
191,2.0
-551,2.5
-551,4.0
-131,3.0
361,1.5
361,4.0
-147,1.5
-147,1.3333333333333333
-131,1.3333333333333333
-147,8.0
-166,2.6666666666666665
-166,3.0
-147,1.0
361,2.0
203,0.3333333333333333
-551,3.0
-389,0.3333333333333333
-166,1.5
-166,1.5
203,0.6
203,0.75
-396,0.5
-396,1.0
-396,2.0
-389,0.6666666666666666
-131,2.0
-389,4.0
361,1.0
203,0.3333333333333333
-551,3.0
-131,0.6666666666666666
-389,0.5
-396,3.0
-240,0.5
-240,1.5
387,2.0
-209,1.0
-365,1.3333333333333333
387,1.0
-365,4.0
-365,2.5
564,5.0
387,4.0
-209,4.0
564,2.0
387,1.0
572,2.0
-365,1.0
-209,2.0
-240,0.5
-209,2.0
564,3.0
572,3.0
-240,0.5
572,2.0
47,2.0
47,3.0
-21,0.5
47,2.0
-21,2.0
-21,2.0
-338,4.0
574,0.75
574,3.0
885,3.0
885,3.0
-671,5.0
-354,2.0
616,9.0
2529,2.0
885,3.0
-671,5.0
-338,3.0
551,1.6666666666666667
551,1.25
885,5.0
-671,3.0
-354,4.0
616,2.5
-338,6.0
574,1.3333333333333333
616,5.0
616,2.0
2529,1.5
574,0.5
2529,2.0
-354,2.3333333333333335
-671,1.3333333333333333
551,3.0
-354,1.5
-338,2.0
2529,1.5
666,2.0
666,1.0
985,0.5
985,3.0
882,3.0
882,2.0
-1230,0.6666666666666666
-205,3.0
-1230,2.0
-627,1.0
1316,3.0
882,2.0
-1230,0.3333333333333333
985,0.3333333333333333
-1230,1.0
321,1.0
321,0.6666666666666666
-248,2.0
-248,1.5
-499,0.5
-248,5.0
619,0.3333333333333333
619,4.0
365,2.0
365,1.0
-592,0.6666666666666666
-248,3.0
1084,2.0
-499,1.5
-499,3.0
321,1.3333333333333333
321,1.0
524,1.3333333333333333
1084,2.0
1084,1.0
1084,0.6666666666666666
-592,0.5
365,2.0
365,1.0
524,5.0
524,2.0
-499,0.5
619,1.0
-592,2.0
619,3.0
-592,2.0
-249,0.5
-56,0.5
-56,2.0
298,2.0
-249,2.0
102,2.0
-56,2.0
-249,0.5
848,0.6
848,2.0
-695,0.3333333333333333
-240,2.5
-240,1.5
848,5.0
848,2.0
255,0.3333333333333333
-695,0.5
-240,1.0
-240,1.5
-554,2.0
-554,3.0
-695,0.5
255,3.0
975,0.5
-176,0.6
975,2.0
-176,0.75
-488,2.5
975,3.5
195,0.5
195,1.5
975,3.0
-606,3.0
-488,6.0
-488,2.5
195,0.5
-176,1.0
-606,3.0
-606,3.0
-488,6.0
195,1.0
-606,2.0
2393,1.5
2393,2.0
-1768,1.25
-1859,1.0
-992,1.5
-1478,1.25
1907,1.3333333333333333
-1879,1.25
-1879,4.0
-1879,3.0
-1768,8.0
-1478,2.5
1907,1.0
2393,2.75
-1768,8.0
-992,4.0
-1478,0.75
-1478,4.0
-1879,2.0
-325,3.0
-325,3.0
-992,1.0
-325,3.0
-992,3.0
1907,2.0
-1859,2.5
-1859,3.5
-325,1.5
-1768,7.0
2393,2.25
-1859,1.6666666666666667
1907,1.5
-205,2.0
-1324,1.3333333333333333
886,3.0
886,6.0
872,2.0
872,1.5
-1324,0.75
886,0.6666666666666666
-205,2.0
886,3.0
-1416,3.0
-1416,4.0
-1527,1.5
-1527,4.0
-1527,2.0
-225,0.5
-225,3.0
-1527,3.0
-214,1.5
-1416,0.5
-1416,3.0
-1324,4.0
-214,5.0
872,0.5
-225,0.5
-205,2.0
-214,4.0
-214,1.5
-225,2.0
-1871,1.25
-2055,7.0
2304,1.6
-3045,7.0
-3045,8.0
3193,6.0
-2055,1.8
2304,6.5
-2288,7.5
-125,0.5
-125,2.5
-556,2.25
3193,2.3333333333333335
3193,8.0
2304,4.0
-3045,8.0
-125,0.5
-1871,1.6
3193,5.0
-2288,4.0
-2288,3.5
-556,0.8
-556,4.0
-1871,6.5
-2055,8.0
-2288,2.0
-3045,6.0
-556,0.6666666666666666
2304,4.0
-2055,2.0
-1871,1.3333333333333333
1264,4.0
-1082,2.0
-1098,5.0
1295,1.3333333333333333
1295,2.0
1295,2.5
-972,1.5
-580,6.0
1264,0.6666666666666666
1264,5.5
-580,4.0
-358,1.3333333333333333
-601,2.5
-1098,6.0
-580,0.75
-972,4.0
1264,0.3333333333333333
-1082,1.0
1295,1.5
-358,1.0
-358,0.75
-601,2.0
-1082,3.0
-580,1.5
-601,1.5
-601,2.0
-972,4.0
-972,3.0
-358,0.5
-1098,2.0
-1082,2.0
-230,0.6666666666666666
-230,3.0
-230,1.0
-689,7.0
687,1.5
687,3.0
-595,1.25
-595,1.0
595,0.5
-773,1.0
-230,1.0
-689,1.5
-689,2.0
687,1.5
-595,2.0
-773,2.0
687,2.0
595,2.0
-595,3.0
595,3.0
-710,4.0
595,1.0
-710,3.0
-773,2.0
23,1.0
18,1.0
-9,0.6666666666666666
-9,2.0
-9,1.5
-37,1.5
-196,2.0
376,2.0
-37,2.0
-196,2.0
360,0.3333333333333333
-9,2.0
-196,0.5
376,2.0
23,0.5
-196,0.5
